Date,Division,Reported_Coverage_Pct,Source_File
01-05-2026,Dhaka,100.0,20c2c9f8-5556-447d-9e44-da3ad89dabb3.pdf
01-05-2026,Dhaka,99.0,20c2c9f8-5556-447d-9e44-da3ad89dabb3.pdf
01-05-2026,Dhaka,97.0,20c2c9f8-5556-447d-9e44-da3ad89dabb3.pdf
01-05-2026,Khulna,100.0,20c2c9f8-5556-447d-9e44-da3ad89dabb3.pdf
01-05-2026,Khulna,95.0,20c2c9f8-5556-447d-9e44-da3ad89dabb3.pdf
01-05-2026,Rajshahi,103.0,20c2c9f8-5556-447d-9e44-da3ad89dabb3.pdf
01-05-2026,Rajshahi,100.0,20c2c9f8-5556-447d-9e44-da3ad89dabb3.pdf
03-05-2026,Dhaka,100.0,2d5f3eb0-70f1-4171-8e56-a83fc7804b3f.pdf
03-05-2026,Dhaka,101.0,2d5f3eb0-70f1-4171-8e56-a83fc7804b3f.pdf
03-05-2026,Dhaka,98.0,2d5f3eb0-70f1-4171-8e56-a83fc7804b3f.pdf
03-05-2026,Khulna,100.0,2d5f3eb0-70f1-4171-8e56-a83fc7804b3f.pdf
03-05-2026,Khulna,95.0,2d5f3eb0-70f1-4171-8e56-a83fc7804b3f.pdf
04-05-2026,Dhaka,101.0,013ded18-6af2-4f6f-bbf3-aa0e639c0258.pdf
04-05-2026,Dhaka,100.0,013ded18-6af2-4f6f-bbf3-aa0e639c0258.pdf
04-05-2026,Dhaka,98.0,013ded18-6af2-4f6f-bbf3-aa0e639c0258.pdf
04-05-2026,Khulna,100.0,013ded18-6af2-4f6f-bbf3-aa0e639c0258.pdf
04-05-2026,Khulna,96.0,013ded18-6af2-4f6f-bbf3-aa0e639c0258.pdf
05-05-2026,Dhaka,102.0,de88d227-13ed-4af4-a910-0d93fea0d297.pdf
05-05-2026,Dhaka,101.0,de88d227-13ed-4af4-a910-0d93fea0d297.pdf
05-05-2026,Dhaka,98.0,de88d227-13ed-4af4-a910-0d93fea0d297.pdf
06-05-2026,Chattogram,101.0,9e852147-7950-4eab-847d-1235f9c0d617.pdf
06-05-2026,Chattogram,120.0,9e852147-7950-4eab-847d-1235f9c0d617.pdf
06-05-2026,Dhaka,102.0,9e852147-7950-4eab-847d-1235f9c0d617.pdf
06-05-2026,Dhaka,101.0,9e852147-7950-4eab-847d-1235f9c0d617.pdf
06-05-2026,Dhaka,98.0,9e852147-7950-4eab-847d-1235f9c0d617.pdf
07-05-2026,Dhaka,101.0,b74eaa3f-69eb-467f-bd26-d54fa103d2bb.pdf
07-05-2026,Dhaka,99.0,b74eaa3f-69eb-467f-bd26-d54fa103d2bb.pdf
07-05-2026,Khulna,99.0,b74eaa3f-69eb-467f-bd26-d54fa103d2bb.pdf
07-05-2026,Khulna,96.0,b74eaa3f-69eb-467f-bd26-d54fa103d2bb.pdf
08-05-2026,Chattogram,102.0,d7d30198-1c55-41fa-8c4f-33ec501d638b.pdf
08-05-2026,Chattogram,117.0,d7d30198-1c55-41fa-8c4f-33ec501d638b.pdf
08-05-2026,Dhaka,101.0,d7d30198-1c55-41fa-8c4f-33ec501d638b.pdf
08-05-2026,Dhaka,102.0,d7d30198-1c55-41fa-8c4f-33ec501d638b.pdf
08-05-2026,Dhaka,99.0,d7d30198-1c55-41fa-8c4f-33ec501d638b.pdf
08-05-2026,Khulna,99.0,d7d30198-1c55-41fa-8c4f-33ec501d638b.pdf
08-05-2026,Khulna,97.0,d7d30198-1c55-41fa-8c4f-33ec501d638b.pdf
08-05-2026,Rajshahi,103.0,d7d30198-1c55-41fa-8c4f-33ec501d638b.pdf
08-05-2026,Rangpur,102.0,d7d30198-1c55-41fa-8c4f-33ec501d638b.pdf
08-05-2026,Rangpur,99.0,d7d30198-1c55-41fa-8c4f-33ec501d638b.pdf
10-05-2026,Dhaka,101.0,758c39cc-643d-469e-9fd1-ce1adfd0bbad.pdf
10-05-2026,Dhaka,103.0,758c39cc-643d-469e-9fd1-ce1adfd0bbad.pdf
10-05-2026,Dhaka,99.0,758c39cc-643d-469e-9fd1-ce1adfd0bbad.pdf
10-05-2026,Khulna,99.0,758c39cc-643d-469e-9fd1-ce1adfd0bbad.pdf
10-05-2026,Khulna,97.0,758c39cc-643d-469e-9fd1-ce1adfd0bbad.pdf
10-05-2026,Rajshahi,102.0,758c39cc-643d-469e-9fd1-ce1adfd0bbad.pdf
10-05-2026,Rajshahi,105.0,758c39cc-643d-469e-9fd1-ce1adfd0bbad.pdf
10-05-2026,Rangpur,102.0,758c39cc-643d-469e-9fd1-ce1adfd0bbad.pdf
10-05-2026,Rangpur,94.0,758c39cc-643d-469e-9fd1-ce1adfd0bbad.pdf
11-05-2026,Dhaka,101.0,8a09e9e6-374b-40e7-a112-80a5e11a552f.pdf
11-05-2026,Dhaka,103.0,8a09e9e6-374b-40e7-a112-80a5e11a552f.pdf
11-05-2026,Dhaka,99.0,8a09e9e6-374b-40e7-a112-80a5e11a552f.pdf
11-05-2026,Khulna,100.0,8a09e9e6-374b-40e7-a112-80a5e11a552f.pdf
11-05-2026,Khulna,98.0,8a09e9e6-374b-40e7-a112-80a5e11a552f.pdf
11-05-2026,Rajshahi,102.0,8a09e9e6-374b-40e7-a112-80a5e11a552f.pdf
11-05-2026,Rajshahi,105.0,8a09e9e6-374b-40e7-a112-80a5e11a552f.pdf
11-05-2026,Rangpur,102.0,8a09e9e6-374b-40e7-a112-80a5e11a552f.pdf
11-05-2026,Rangpur,95.0,8a09e9e6-374b-40e7-a112-80a5e11a552f.pdf
16-04-2026,Chattogram,123.0,501f51e4-f446-4044-ac5f-30644a9288f1.pdf
16-04-2026,Dhaka,92.0,501f51e4-f446-4044-ac5f-30644a9288f1.pdf
16-04-2026,Khulna,104.0,501f51e4-f446-4044-ac5f-30644a9288f1.pdf
16-04-2026,Rajshahi,130.0,501f51e4-f446-4044-ac5f-30644a9288f1.pdf
17-04-2026,Chattogram,116.0,009ad3ca-2655-4ab3-a779-2802ba9b860b.pdf
17-04-2026,Dhaka,93.0,009ad3ca-2655-4ab3-a779-2802ba9b860b.pdf
17-04-2026,Dhaka,89.0,009ad3ca-2655-4ab3-a779-2802ba9b860b.pdf
17-04-2026,Dhaka,95.0,009ad3ca-2655-4ab3-a779-2802ba9b860b.pdf
17-04-2026,Khulna,103.0,009ad3ca-2655-4ab3-a779-2802ba9b860b.pdf
17-04-2026,Rajshahi,113.0,009ad3ca-2655-4ab3-a779-2802ba9b860b.pdf
19-04-2026,Chattogram,100.0,355f0db2-d34b-4e7c-81e7-65cc6d34b5ef.pdf
19-04-2026,Dhaka,93.0,355f0db2-d34b-4e7c-81e7-65cc6d34b5ef.pdf
19-04-2026,Dhaka,90.0,355f0db2-d34b-4e7c-81e7-65cc6d34b5ef.pdf
19-04-2026,Dhaka,95.0,355f0db2-d34b-4e7c-81e7-65cc6d34b5ef.pdf
19-04-2026,Khulna,101.0,355f0db2-d34b-4e7c-81e7-65cc6d34b5ef.pdf
19-04-2026,Rajshahi,110.0,355f0db2-d34b-4e7c-81e7-65cc6d34b5ef.pdf
20-04-2026,Chattogram,100.0,df35201c-7d6d-4caa-b524-260a7b0f7479.pdf
20-04-2026,Dhaka,98.0,df35201c-7d6d-4caa-b524-260a7b0f7479.pdf
20-04-2026,Dhaka,94.0,df35201c-7d6d-4caa-b524-260a7b0f7479.pdf
20-04-2026,Dhaka,103.0,df35201c-7d6d-4caa-b524-260a7b0f7479.pdf
20-04-2026,Khulna,100.0,df35201c-7d6d-4caa-b524-260a7b0f7479.pdf
20-04-2026,Rajshahi,107.0,df35201c-7d6d-4caa-b524-260a7b0f7479.pdf
21-04-2026,Chattogram,97.0,51b7b213-8277-4878-bdb4-838be5272105.pdf
21-04-2026,Chattogram,77.0,51b7b213-8277-4878-bdb4-838be5272105.pdf
21-04-2026,Dhaka,93.0,51b7b213-8277-4878-bdb4-838be5272105.pdf
21-04-2026,Dhaka,94.0,51b7b213-8277-4878-bdb4-838be5272105.pdf
21-04-2026,Dhaka,103.0,51b7b213-8277-4878-bdb4-838be5272105.pdf
21-04-2026,Khulna,96.0,51b7b213-8277-4878-bdb4-838be5272105.pdf
21-04-2026,Khulna,74.0,51b7b213-8277-4878-bdb4-838be5272105.pdf
22-04-2026,Dhaka,95.0,cc6e4c1b-50ae-44bd-9d41-238acb41ac99.pdf
22-04-2026,Dhaka,93.0,cc6e4c1b-50ae-44bd-9d41-238acb41ac99.pdf
22-04-2026,Dhaka,102.0,cc6e4c1b-50ae-44bd-9d41-238acb41ac99.pdf
22-04-2026,Khulna,96.0,cc6e4c1b-50ae-44bd-9d41-238acb41ac99.pdf
22-04-2026,Khulna,81.0,cc6e4c1b-50ae-44bd-9d41-238acb41ac99.pdf
22-04-2026,Rajshahi,103.0,cc6e4c1b-50ae-44bd-9d41-238acb41ac99.pdf
22-04-2026,Rajshahi,83.0,cc6e4c1b-50ae-44bd-9d41-238acb41ac99.pdf
23-04-2026,Dhaka,96.0,5f159ac3-55ec-470b-ad8a-40f3642e7957.pdf
23-04-2026,Dhaka,93.0,5f159ac3-55ec-470b-ad8a-40f3642e7957.pdf
23-04-2026,Dhaka,101.0,5f159ac3-55ec-470b-ad8a-40f3642e7957.pdf
23-04-2026,Khulna,97.0,5f159ac3-55ec-470b-ad8a-40f3642e7957.pdf
23-04-2026,Khulna,76.0,5f159ac3-55ec-470b-ad8a-40f3642e7957.pdf
23-04-2026,Rajshahi,104.0,5f159ac3-55ec-470b-ad8a-40f3642e7957.pdf
23-04-2026,Rajshahi,91.0,5f159ac3-55ec-470b-ad8a-40f3642e7957.pdf
24-04-2026,Dhaka,97.0,e66eb1d2-7472-4440-be96-c15bb880f15e.pdf
24-04-2026,Dhaka,95.0,e66eb1d2-7472-4440-be96-c15bb880f15e.pdf
24-04-2026,Dhaka,100.0,e66eb1d2-7472-4440-be96-c15bb880f15e.pdf
24-04-2026,Khulna,97.0,e66eb1d2-7472-4440-be96-c15bb880f15e.pdf
24-04-2026,Khulna,67.0,e66eb1d2-7472-4440-be96-c15bb880f15e.pdf
26-04-2026,Dhaka,98.0,1b00ae7a-c18d-4b22-8c21-c97268764ff6.pdf
26-04-2026,Dhaka,97.0,1b00ae7a-c18d-4b22-8c21-c97268764ff6.pdf
26-04-2026,Dhaka,101.0,1b00ae7a-c18d-4b22-8c21-c97268764ff6.pdf
26-04-2026,Khulna,97.0,1b00ae7a-c18d-4b22-8c21-c97268764ff6.pdf
26-04-2026,Khulna,84.0,1b00ae7a-c18d-4b22-8c21-c97268764ff6.pdf
27-04-2026,Dhaka,98.0,abb6445f-bcf8-471e-af5f-fec567f3cf62.pdf
27-04-2026,Dhaka,97.0,abb6445f-bcf8-471e-af5f-fec567f3cf62.pdf
27-04-2026,Dhaka,100.0,abb6445f-bcf8-471e-af5f-fec567f3cf62.pdf
27-04-2026,Khulna,98.0,abb6445f-bcf8-471e-af5f-fec567f3cf62.pdf
27-04-2026,Khulna,88.0,abb6445f-bcf8-471e-af5f-fec567f3cf62.pdf
27-04-2026,Rajshahi,104.0,abb6445f-bcf8-471e-af5f-fec567f3cf62.pdf
27-04-2026,Rajshahi,100.0,abb6445f-bcf8-471e-af5f-fec567f3cf62.pdf
28-04-2026,Dhaka,99.0,dea6de3a-6418-47bb-becd-6c4f2cfaf879.pdf
28-04-2026,Khulna,100.0,dea6de3a-6418-47bb-becd-6c4f2cfaf879.pdf
28-04-2026,Khulna,96.0,dea6de3a-6418-47bb-becd-6c4f2cfaf879.pdf
28-04-2026,Rajshahi,104.0,dea6de3a-6418-47bb-becd-6c4f2cfaf879.pdf
28-04-2026,Rajshahi,100.0,dea6de3a-6418-47bb-becd-6c4f2cfaf879.pdf
29-04-2026,Dhaka,99.0,996ee162-7b6c-49ad-ac52-48649efce18c.pdf
29-04-2026,Dhaka,98.0,996ee162-7b6c-49ad-ac52-48649efce18c.pdf
29-04-2026,Khulna,99.0,996ee162-7b6c-49ad-ac52-48649efce18c.pdf
29-04-2026,Khulna,98.0,996ee162-7b6c-49ad-ac52-48649efce18c.pdf
29-04-2026,Rajshahi,104.0,996ee162-7b6c-49ad-ac52-48649efce18c.pdf
29-04-2026,Rajshahi,100.0,996ee162-7b6c-49ad-ac52-48649efce18c.pdf
30-04-2026,Dhaka,99.0,0290733a-8726-4ce3-9971-c69d95994ef2.pdf
30-04-2026,Dhaka,97.0,0290733a-8726-4ce3-9971-c69d95994ef2.pdf
30-04-2026,Khulna,99.0,0290733a-8726-4ce3-9971-c69d95994ef2.pdf
30-04-2026,Khulna,95.0,0290733a-8726-4ce3-9971-c69d95994ef2.pdf
30-04-2026,Rajshahi,101.0,0290733a-8726-4ce3-9971-c69d95994ef2.pdf
30-04-2026,Rajshahi,99.0,0290733a-8726-4ce3-9971-c69d95994ef2.pdf
