Channel,Video_ID,Author,Comment,Likes,Published_At
Channel 24,EWSUaCcNc_k,@tanzinrahmanripon2265,আল্লাহ আপনি সহায়ক হন সবার জন্য 🤲,4,2026-03-30T15:17:30Z
Channel 24,EWSUaCcNc_k,@AyeshaAktar-v4z,এই পরিস্থিতিী জন্য দ্বায়ী সেনাপ্রধান আর ইউনুস।,0,2026-03-31T00:08:52Z
SOMOY TV,oGJ6561Nf-w,@Mubarek-y9k,এ মনে হয় পড়াশোনা না করেই মন্ত্রী হয়েছে,0,2026-04-25T05:49:53Z
SOMOY TV,oGJ6561Nf-w,@Mohammed-wm8lt,২ বছর ধরে হামের টিকা দেয়া হ হয়নি,0,2026-03-30T23:52:04Z
SOMOY TV,oGJ6561Nf-w,@cvggjkfsxvbn,"মন্ত্রী সত্য কথা বলছে। ৮ বছরের তথ্য নুনুস গ্যাং, নাহিদ ও আসিফ উপদেষ্টা থাকা অবস্থায় সচিবালয়ে আগুন দিয়ে পুড়িয়ে দেয়া হয়েছে। কুকুর পুড়ে মারা গেছে নাটকটা মনে আছে?",0,2026-03-30T09:39:19Z
SOMOY TV,oGJ6561Nf-w,@hossain7543,তোরা হইলি বড় চোর বিগত ২ বছর আর এই বছর নাই কেন উত্তর দেও,0,2026-03-30T13:14:03Z
Rtv News,XONWpBo9Enk,@MdAbdullah-w2j7r,আল্লাহ সুস্থ করে দাও নিস্পাপ শিশুদেরকে,12,2026-04-01T14:23:49Z
Rtv News,XONWpBo9Enk,@village_life_story_officials,আল্লাহ তুমি সবাই কে হেফাজত করুন ফি আমানিল্লাহ্ ❤❤❤,0,2026-04-04T12:54:14Z
Rtv News,XONWpBo9Enk,@tulisiamsajim,সবাই দোয়া করেন আমার সন্তান যেনো সুস্থ থাকে🥺🥺🥺🥺,1,2026-04-03T13:48:19Z
Rtv News,XONWpBo9Enk,@GAUSEMINA-z7d,❤❤❤❤❤ হে আল্লাহ তুমি আমাদের সবাই কে হিফাজত করিও মালিক আমিন আমিন আমিন আমিন আমিন আমিন আমিন ❤❤❤❤❤❤❤❤❤❤❤❤❤❤❤❤❤,4,2026-03-31T17:06:54Z
Rtv News,XONWpBo9Enk,@JahagirYoho,আললাহু মাপ করুন,1,2026-04-03T10:16:46Z
Rtv News,XONWpBo9Enk,@urmi1342,কেন হচ্ছে কি কারনে হচ্ছে রোগ গুলো নতুন করে সেটা খুঁজে বের করুন এটা হামের টিকা না দেওয়ার কারণে না অন্য কোন কারণ হতে পারে,5,2026-03-31T13:21:00Z
Rtv News,XONWpBo9Enk,@urmi1342,কবে কোথায় হামের টিকা দেওয়া হয়নি আমরা তো আমাদের বাচ্চাদের ডিসি আর আমরা যখন দিতে গেছি তখন তো হাজার হাজার মানুষকে দেখছি যে বাচ্চাদের নিয়ে আসছে হামের টিকা দেওয়ার জন্য মানুষ মন্তব্য করার আগে একবারও ভাবে না আপনার বাচ্চাকে আপনি দেননি আমি টিকা আমরা তো সাধারণ জনগণ বলতেছি,1,2026-03-31T13:18:09Z
Rtv News,XONWpBo9Enk,@KawaarMiya-d9z1c,শেরপুর জেলা তো শ্রীবরদী থানার কিছু কিছু বাচ্চাদের এই অবস্থা আছে একটু খোঁজ নিয়ে দেখুন এমপি মহোদয়,0,2026-04-01T13:13:17Z
Rtv News,XONWpBo9Enk,@ImranHossain-nh3qp,আসলে কি হামের টিকা দিয়েছে না জন্য কোনো টিকা দিয়েছে  হামের টিকা  বলে চালিয়ে দিয়েছে,1,2026-04-01T04:38:43Z
Rtv News,XONWpBo9Enk,@jiniaafroz-c9k,"৮ বছর টীকা দেওয়া হয়নি এটা ভুল তথ্য,, আমার মেয়েকে দু&#39;বছর আগে দিয়েছি",5,2026-03-31T09:54:16Z
Rtv News,XONWpBo9Enk,@MdkamalislamRumana,বরগুনা  আমাদের  বাড়ি?  আমার বোনের ছেলের  মারা গেছে,0,2026-04-03T07:55:58Z
Rtv News,XONWpBo9Enk,@S.JCHOWDHURY,আমারও এটা হয়েছে কিন্তু অতটাও সমস্যা হচ্ছে না <br>আমি টিকা দিইনি এটা আমার সমস্যা,0,2026-04-05T16:55:27Z
Rtv News,XONWpBo9Enk,@JannatulMahia-v1t,"ভোটের 3আগে ও আমি আমার বাচ্চাকে টিকা দিছি,,,",0,2026-04-02T15:49:17Z
Rtv News,XONWpBo9Enk,@mohsin8698,"<a href=""https://www.youtube.com/watch?v=XBsDAOvRhR4"">https://youtu.be/XBsDAOvRhR4?si=sWK-ddnV0QZ2UR-_</a> হাম প্রতিরোধে নিয়মিত রুটিন টিকার বাইরে ও মাঝে মাঝে হামের টিকা ক্যাম্পেইন এ ও শিশুর হাম রুবেলা টিকা দিন।",0,2026-04-01T02:17:00Z
SOMOY TV,Z0fInYeCTKE,@sultanaafrin4308,"একজন করে গেছে অকাজ, আরেকজন করবে দোষারোপ৷ <br>অসহায় মা বাবা। 😔",8,2026-05-11T08:13:30Z
SOMOY TV,Z0fInYeCTKE,@MdMamun-bi8bz,সুদখোর ইউনুস কে এখনো বিচারের আওতায় আনা হচ্ছে না কেন জাতি জানতে চায়।,6,2026-05-11T08:22:29Z
SOMOY TV,Z0fInYeCTKE,@raselduary649,সুদখোর ইউনুস দেশটাকে জাহান্নামে পরিণত করেছে। যার কারণ আজ শিশুরা  টিকার অবহেলায় মারা যাচ্ছে।আইনের আওতায়  দূরত্ব তদন্ত করে বিচার করা হোক,1,2026-05-11T09:19:43Z
SOMOY TV,Z0fInYeCTKE,@rubelrahmanbabu6875,সুদ সরকার দেশ টা জাহান্নাম বানিয়ে দিয়ে গেছে....!!!!!. আর এই সরকার সেটা চলমান রেখেছে....!!!!,8,2026-05-11T07:09:25Z
SOMOY TV,Z0fInYeCTKE,@etaushy5865,"সুশীল সমাজ এখন রাস্তায় নামে না কেনো? হাসিনার জন্য নামছিলো, কারণ সার্থ। এখন শিশু মরে, কার কি? এখানে সার্থ নাই। তাই সবাই চুপ",1,2026-05-11T10:04:17Z
SOMOY TV,Z0fInYeCTKE,@rengoku-ultimate,"যার টিকা নিয়েছে তাদেরও হচ্ছে, তারা কাকে দোষ দিবে?  ইউনুসকে?? করোনার মতোন নতুন রোগ কিনা দেখুন।",0,2026-05-11T13:09:55Z
SOMOY TV,Z0fInYeCTKE,@HasanSheikh-p2o,দেশের  আইন নাই,2,2026-05-11T06:38:30Z
SOMOY TV,Z0fInYeCTKE,@bluesky441,"১ মে ২০২৬ এ ডেইলি স্টারের রিপোর্টে বলা হয়েছে ইউনিসেফের দেশীয় প্রতিনিধি রানা ফ্লাওয়ার্স আগেই সতর্ক ও অনুরোধ করেছিলেন অন্তর্বর্তী সরকার যেন টিকা ক্রয় বন্ধ না করে কিন্তু উপদেষ্টা নূরজাহান বেগম সেটা কর্ণপাত করেনি। আজকে দেশে হাম, জলাতঙ্ক ইত্যাদি প্রানঘাতক রোগের টিকার অভাব যেগুলো ফ্রিতে পাওয়া যেত, আর নেই। ইউনূস গ্রামীন ব্যাংকের এমডি পদ ব্যবহার করে পনেরো বছর লুটতে পারেনাই তাই ক্ষমতা পেয়ে দেড় বছর এমনই লুটেছে যে টিকার টাকাও ছাড়েনি। আমি ছাত্র হিসেবে নিজে আন্দোলন করেও বলছি ইউনূসের নামে হত্যা মামলা ও বিচার হওয়া দরকার। বাংলাদেশ যাকে নিয়ে গর্ব করতো আজ তাকে নরপিশাচ হিসেবে ঘৃণা করে। কতটা বেহায়া। দেশ চালাবার কোনো যোগ্যতা নেই, একটার পর একটা দেশের ক্ষতি করেছে তাও পাঁচ বছর গদিতে থাকার খায়েশ! আমার সন্দেহ কতখানি ঠিক তা জানিনা তবে ইনকিলাব মঞ্চের হাদীকে ইউনুস খুন করে,অরাজকতা সৃষ্টি করে নির্বাচন পেছাবার চক্রান্ত করছিল কিনা কে জানে? ইউনূসের পেটে তো দুষ্টবুদ্ধি। সে তো আগাগোড়া একটা খারাপ লোক। যাই হোক রিপোর্টে এটাও আছে এপ্রিলে বিএনপি সরকার ফের ইউনিসেফের সাথে মিলে টিকা আনা শুরু করেছে।",0,2026-05-11T09:32:30Z
SOMOY TV,Z0fInYeCTKE,@aslihanomar,তাদের ভুলের খেসারত কেনো মা বাবাকে ভুক্তে হবে,0,2026-05-11T09:10:40Z
SOMOY TV,Z0fInYeCTKE,@sumonchowdhury7906,NCP সব দোষ তাদের কে বিচারের আওতায় আনা হোক,1,2026-05-11T09:34:01Z
SOMOY TV,Z0fInYeCTKE,@nirmolridoy4997,"আমি টিকাদান কারী,আমি তো হামের টিকা বন্ধ থাকতে দেখিনি,অন্যান্য টিকা বন্ধ থাকে মাঝে মাঝে।কিন্তু হামের টিকা তো সরবরাহ ছিল।",1,2026-05-11T09:59:17Z
SOMOY TV,Z0fInYeCTKE,@MdfazlulBari-q9v,অন্তবতী সরকারের বিরুদ্ধে  মতামত প্রদান করতে বর্তমান সরকার অনিচ্ছুক 😢,0,2026-05-11T10:59:51Z
SOMOY TV,Z0fInYeCTKE,@Md.OliUllah-p7x5z,এবার অনতরবরতিকালিন সরকারকে গ্রেপতার করা হউক।,0,2026-05-11T14:07:20Z
SOMOY TV,Z0fInYeCTKE,@hasan28914,অতীত ভুলে যাও বাবুরা 😂😂😂😂😂,0,2026-05-11T09:21:56Z
SOMOY TV,Z0fInYeCTKE,@msmitu6326,সরকার নিরব বলে মনে হয়।,0,2026-05-11T08:38:29Z
Channel 24,ZWeUSLgD3nA,@MdSurug-x5y7u,আমার তো ৬ বছরের একটি ছেলে আছে খুব ভয় লাগছে,0,2026-03-30T13:06:59Z
Prothom Alo,SCcCyCnxmlM,@SuperDiodiodio,সুন্দর উপস্থাপনা। উপস্থিত বুদ্ধিসম্পন্ন বোঝা যাচ্ছে।,0,2026-04-24T19:45:54Z
Prothom Alo,SCcCyCnxmlM,@atmbadruzzaman3529,"আমি ড. বদরুজ্জামান,  ভ্যাক্সিন সায়েন্টিস্ট।  কাজ করছি তাইওয়ানের ন্যাশনাল হেলথ রিসার্চ ইনস্টিটিউটের ভ্যাক্সিনোলজি ডিপার্টমেন্টে।  আমি বেশ কিছু পয়েন্টে ডা. মান্নান সাহেবের কথায় বাড়তি পয়েন্ট যুক্ত করতে চাই। আনফরচুনেটলি উনার তথ্যগুলো খুব বেশি আপডেটেড/গভীর না।",0,2026-04-02T01:29:30Z
Prothom Alo,SCcCyCnxmlM,@dmgod111,বাচ্চা স্কুলে পাঠাবো না কারন স্কুলের বাচ্চাদের বেশীরভাগ পরিবারে নবজাতক থেকে শুরু করে ১ /২ বছরের বাচ্চা রয়েছে।বাসায় বসে পড়াবো।,0,2026-04-02T06:37:00Z
Prothom Alo,SCcCyCnxmlM,@mukulgreen,আমরা স্কুলকে বন্ধ দিয়ে দিয়েছি!,0,2026-04-04T01:12:51Z
SOMOY TV,MrrlhNWk650,@IslamIsPerfect2026,আমার ভাগ্নির হাম রোগ হয়েছে সবাই দোয়া করবেন 🤲🤲,0,2026-03-31T09:48:48Z
Channel 24,IBglJBwNsp8,@shamimahmed9191,দেশের বাহির থেকেও কি কোন ভ্যাক্সিন আনা সম্ভব হচ্ছে না?,0,2026-05-11T14:42:41Z
Channel 24,IBglJBwNsp8,@MohmadMohmad-y2u,অতি.তারাতারি.হামের.টিকা.জরুরি.দরকার,0,2026-05-11T18:25:22Z
Channel 24,W_RzJAS8Dmg,@themaskaraltd9235,হে আল্লাহ এই বিপদ থেকে আমাদের সকলকে হেফাজত কর আমিন,1,2026-04-06T06:37:20Z
Channel 24,W_RzJAS8Dmg,@Jui-s7c,আল্লাহ সাহায্যে করুন,1,2026-04-06T06:54:40Z
Channel 24,W_RzJAS8Dmg,@Samim-x6v,সব দোষ হুজুর গুলোর ওরা টিকা নিতে বারণ করে,0,2026-04-06T07:40:40Z
EKHON TV,fZ2bOTQE_1U,@MDSAHADAT-m6f,আল্লাহ তুমি আমার সন্তান সহ সকল বাচ্চাদের সুস্থ রেখো আমিন,5,2026-04-02T14:17:45Z
EKHON TV,fZ2bOTQE_1U,@MdMostofa-oh4yn,আমার এক ভাতিজা শেষ,0,2026-04-01T19:05:25Z
EKHON TV,fZ2bOTQE_1U,@MdkamalislamRumana,০ থেকে  ৫ মাসের  তাতের জন্য  টিকার কি কোন অবস্থা আছে,0,2026-04-02T07:39:13Z
Dr. Sharif Dolan,881d3WtIQ9I,@badboyrishad3651,"কত বাবা মা এর কোল খালি হয়ে যাচ্ছে এই হাম এ, মোবাইল এ শুধু দেখেই যাচ্ছি, তাদের জন্য কিছুই করতে পারছি না, জানি না সরকার এর উদ্যোগ নিতে নিতে আর কত শিশু মৃত্যুর মুখে হেলিয়ে পড়বে। আল্লাহ আপনি হেফাজত করুন 😢😢",1,2026-05-11T18:26:12Z
Dr. Sharif Dolan,881d3WtIQ9I,@jabedkhan2457,আমার বাচ্চার হাম আলহামদুলিল্লাহ আগের থেকে ভালো আছে কিন্তু আজকে হঠাৎ চোখ মুখ ফুলে গেছে করনীয় কী?,1,2026-05-11T18:40:27Z
Dr. Sharif Dolan,881d3WtIQ9I,@MdAraf-b9v,হে আল্লাহ তুমি আমার ভাগ্নে সহ সব বাচ্চাকে তুমি সুস্থ রেখো,2,2026-04-19T09:31:05Z
Dr. Sharif Dolan,881d3WtIQ9I,@EasminAkter-p8x9h,আমার বাচ্চার বয়স ৬ বছর ওর কি হাম হওয়ার সম্বববোনা আছে ওর ঠান্ডা লাগসে আবার শরীরের লাল লাল দাগ দেখা যাচ্ছে,1,2026-04-13T18:55:31Z
Dr. Sharif Dolan,881d3WtIQ9I,@FamilyLover-d9e,আমার বাইরে থাকি এবং প্রথম রমজানে দেশে এসেছি... আসার পর থেকে আমার জমজ বাচ্চার প্রথমে জ্বর তারপরে ঠান্ডা তারপরে চোখে ময়লা এবং চোখ লাল তারপরে শরীরে লাল লাল ফুসকুড়ি এবং একজনের বমি😢😢 সব কিছু হাম এর লক্ষণ মনে হচ্ছে.. এখন করণীয় কি ?,4,2026-03-30T19:21:12Z
Dr. Sharif Dolan,881d3WtIQ9I,@MDRuhulamin-em3xt,স্যার আমার বাচ্চার বয়স 9 মাস কিছুদিন আগে ভাইরাল ডায়রিয়া আক্রান্ত হয়েছিল। দুই দিন আগে হামের ভ্যাকসিন দেয় তার দুই দিন পর থেকে বাচ্চার শরীরে অনেক জ্বর মুখে ঘা এবং কোন খাবার খাচ্ছে না আমি এখন কি করবো বলেন স্যার প্লিজ,1,2026-04-14T09:19:41Z
Dr. Sharif Dolan,881d3WtIQ9I,@Kalam-v4o,সার আমার বাবু আট মাস চলে ঠান্ডা জর শরীরে লাল লাল বের হয়ছে কি করমু কই নিয়ে জামু,1,2026-04-06T01:42:59Z
Dr. Sharif Dolan,881d3WtIQ9I,@MdOliollha-y6o,"স্যার, আমার বেবির 2মাস 8দিন এখন তার নিমোনিয়া দেখা দেয় ,তারপর বিশেষজ্ঞ ডাক্তার দেখিয়ে ইঞ্জেকশন দেই,এখন শরিরে লাল ফুসকুড়ি দেখা দেয় ফার্মেসী থেকে অসুধ এনে দিয়েছি কম বুজতেছি শরিরে জর থাকে, এখন একটা মলম এর নাম বলে দিলে ভালো হয় আর এইটা কি হাম?প্লিজ জানাবেন বিস্তারিত",1,2026-04-10T16:54:52Z
Dr. Sharif Dolan,881d3WtIQ9I,@tuhinafridibd,টিকা দেওয়া পর কি হওয়ার সম্ভবনা আছে?,1,2026-05-10T19:35:56Z
Dr. Sharif Dolan,881d3WtIQ9I,@ANGURABEGUM-d7n,"আমার বাবুর বয়স ১৪ মাস,, আজকে ২ দিন ধরে খুব জ্বর। কিন্তু ঠান্ডা, কাশি, র্্যশ বা  চোখ লাল এসব কিছু নাই কিন্তু আজকে হঠাৎ চোখ অনেক চুলাকাইছে,, এইটা কি ভয়ের কিছু প্লিজ বলবেন।",1,2026-04-03T16:47:03Z
Dr. Sharif Dolan,881d3WtIQ9I,@ashikurrhuman3064,স্যার  আমার বাচ্চার হামের টিকা নেওয়া আছে এখন যদি কোন হামে আক্রান্ত বাচ্চার  সংস্পর্শে আসে তাহলে আমার বাচ্চার রিক্স আছে কিনা,1,2026-04-01T06:41:51Z
Dr. Sharif Dolan,881d3WtIQ9I,@MonerKothaTube,বাচ্চা ২বছর বয়স. হঠাৎ সারা গায়ে চুলকানি হয়ে লাল লাল হয়ে গেছে।হামের অন্য কোন লক্ষণ নেই আলহামদুলিল্লাহ। হাম কি হঠাৎ করে হয়। নাকি এটা এলার্জি। লাল লাল গুটি গুটি হয়েছে পায়ের দিকে পিঠের দিকে।,1,2026-04-02T11:48:38Z
Dr. Sharif Dolan,881d3WtIQ9I,@mstmahmuda2791,স্যার আমার বাচ্চার জ্বর হয়েছে সর্দি আছে নাক দিয়ে পানি পড়ছে কাশি আছে কিন্তু রেস নেই পাতলা পায়খানা ছিল এখন ভালো হয়ে গেছে সাথে বমি আছে এটা কি হামের লক্ষণ,1,2026-04-07T16:03:16Z
Dr. Sharif Dolan,881d3WtIQ9I,@MDAnam-s3x,আসসালামু আলাইকুম স্যার আমি একজন প্রবাশি <br>আমার মেয়ের বয়স আজকে ৩৫ দিন <br>আমার মেয়ের ও এই লক্ষ্যন গুলো আছে তার শরীরে <br>এখন এই ক্ষেত্রে আমার করনীয় কী? <br><br>অনুরোধ স্যার একটু জরুরি জানানোর চেষ্টা কইরেন৷,1,2026-03-30T16:49:52Z
Dr. Sharif Dolan,881d3WtIQ9I,@Mahamuda-k1k6q,আমার ছেলের হাত পা ঘামাচির মতো লাল হয়ে গেছে চোখে ময়লা হয়।কিনতু জ্বর বা ঠান্ডা নেই এ কি হামে পিলিজ জানাবেন,1,2026-04-01T05:25:12Z
Dr. Sharif Dolan,881d3WtIQ9I,@AbuSofian-n2w,"স্যার দুই ঘণ্টা না যেতে জ্বর চলে আসে চার ঘন্টা পর পর দিতে পারবো নাপা সিরাপ,বাবুর বয়স ছয় মাস",1,2026-04-08T09:37:46Z
Dr. Sharif Dolan,881d3WtIQ9I,@সাজিদ-দ৫প,"আমার বাচ্চার টিকা মাএ তিন টা দিচি আর দিতে পারিনি 😢,,টিকা দিতে গেলে বলতো টিকা আসে নাই, তারপর আমি ঢাকায় চলে আসছি আর টিকা দেওয়া হয় নাই 😢",1,2026-04-01T16:40:19Z
Dr. Sharif Dolan,881d3WtIQ9I,@SABIKUNNAHARKEYA,স্যার আমার ছেলের চোখ থেকে পানি ও পুজ বের হইতাছে ওষুধ খাওয়াইতাছি কমতেছে না এটা কি হামের লক্ষন??,1,2026-04-01T12:38:08Z
Dr. Sharif Dolan,881d3WtIQ9I,@FarzanaAkther-o4m,"স্যার,জন্মের পর সব টিকা নেওয়া থাকলেও কি হাম এর ভ্যাকসিন নিতে হবে",1,2026-03-31T14:33:27Z
Dr. Sharif Dolan,881d3WtIQ9I,@mdnahiduzzaman7733,আমার বাচ্চার বয়স ৬ মাস ওর কি টিকা দেওয়া যাবে,1,2026-03-30T17:50:31Z
Dr. Sharif Dolan,881d3WtIQ9I,@mabiaafrin-i5i,"স্যার আমার ছেলের আজ তিন দিন ঠান্ডা লেগেছে,, আজ সকালে লক্ষ্য করছি চোয়ালে সাদা রেশ উঠছে কিন্তু জ্বর কাশি কিছু নেই এটা কি হামের লক্ষন",1,2026-03-31T06:35:43Z
Dr. Sharif Dolan,881d3WtIQ9I,@IkramKhan-g6u6n,আমার বাচ্চাকে হামের টিকা দেয়নি সমস্যা হবে নি?,0,2026-05-04T12:29:29Z
Dr. Sharif Dolan,881d3WtIQ9I,@Mitilakhan-d5u,"সার আমার ছেলের বয়স ৩বছর,জর ছিল তিন দিন আগে,এখন জর নাই,,কাল থেকে শরিরে কিছু জায়গায় রেশ বের হইচে,,সামান্য চুলকানি আছে,,আর কোনো সমস্যা নেই,, এটা কি হাম,,বলেন প্লিজ,,না এলার্জি",1,2026-04-30T09:51:06Z
Dr. Sharif Dolan,881d3WtIQ9I,@lilihosain6576,চিকিৎসা বলেন,1,2026-04-01T10:29:24Z
Dr. Sharif Dolan,881d3WtIQ9I,@MdThamid-b3f9n,জর চাড়া  হাম হয়ে ঘামাচির মতো,1,2026-04-02T18:11:03Z
Dr. Sharif Dolan,881d3WtIQ9I,@RatnaBegum-q3k,হাম,0,2026-05-11T11:41:12Z
Dr. Sharif Dolan,881d3WtIQ9I,@SultanShaon-r7q,কত বছর বয়সে হামের ঝুঁকি থাকে বেশি,1,2026-03-30T16:11:14Z
Dr. Sharif Dolan,881d3WtIQ9I,@vhjkvcgykh,তুমরা সুনার ডক্টর,0,2026-04-14T07:00:59Z
Deepto News,4A5f1IEIVQo,@SharifHossain-m9y,আল্লাহ সবাইকেই হেফাজতে রাখুন🤲🤲🤲,0,2026-04-02T08:58:51Z
Channel 24,WVYxhkWhrpg,@AbdulGafur-dx9fm,হামের টিকার অভাবে মারা যাওয়া প্রতিটি শিশুর হত্যার দায় ইউনুছ ও তার সহযোগী উপদেষ্টা পরিষদ বিএনপি জামাত এনসিপি সবাইকে এই দায় নিতে হবে কারন তারা এই ১৮ মাস মিলেমিশে সরকার চালিয়েছিল।,8,2026-05-10T17:06:28Z
Channel 24,WVYxhkWhrpg,@shahadatsatter7363,দায় ভার ইউনুস গং থেকে বর্তমানে যারা আছে তাদের নিতে হবে। কারণ তখনও তারা ওতোপ্রোতো ভাবে জড়িত ছিলো। এখন ক্রিমিনাল ডা: জোবায়দা রহমান ও অদ্ভুত বিরক্তিকর প্রাণী জাইমা কিছু বলে না। যদিও এদের স্বাস্থ্যমন্ত্রী হাম হলে নাকি আয়ু বাড়ে। আর অন্যান্য মন্ত্রীরা বিভিন্ন বিষয়ে উদ্ভট কথা বলে যাচ্ছেন। আর খাম্বা তো আছেই।,10,2026-05-10T16:57:09Z
Channel 24,WVYxhkWhrpg,@sadarontv5046,"শিশু মারা যাচ্ছে না, দেশের ভবিষ্যৎ মারা যাচ্ছে। এটা পরিকল্পনা করে করা হয়েছে 😡😡😡😡",5,2026-05-10T17:36:24Z
Channel 24,WVYxhkWhrpg,@hamim4466,সঠিক বিচার চাই,0,2026-05-11T01:38:47Z
Channel 24,WVYxhkWhrpg,@sultanaafrin4308,"আমাদের ভাগ্নীর মেয়েটাও চলে গেল৷ <br>সদর হসপিটালগুলো দেখলে মনে হয়, আরো মৃত্যু ফাদ 😭",0,2026-05-11T09:51:40Z
Channel 24,WVYxhkWhrpg,@adhibaislamlima-5944,"একদিকে শিশু রা মারা যাচ্ছে আরেক দিকে নেতায়,বউ নিয়ে ভাইরাল হওয়া নিয়ে ব্যস্ত।হায় আল্লাহ এই দেশে জন্ম নেওয়াটাই হয়ত ভুল আমাদের কারন প্রতি দিন এখন কোন না কোন খবর আসছে।<br>এই এগুলোর দায় কে নিবে???",1,2026-05-10T19:42:47Z
Channel 24,WVYxhkWhrpg,@provashroy9751,দেখ কেমন লাগে।,1,2026-05-10T17:48:07Z
ATN News,2-BlcSzczVI,@ranavai6220,"ছোট বাচ্ছার স্কুল বন্দ রাখা দরকার,,,,,একজন শিশু স্কুলে নিলে কুলে ছোট বাচ্ছা আর একজন কোলে থাকে,,,,",9,2026-03-31T05:53:26Z
ATN News,2-BlcSzczVI,@MdFerdaus-o2h,পরীক্ষা বাদ করে দেওয়া হক,3,2026-03-31T13:57:08Z
Rtv News,tcnNlBh6yn4,@dalimmohammed7568,এ দ্বায় কার???😢,1,2026-04-02T05:22:57Z
Rtv News,tcnNlBh6yn4,@Mdmithu-w6w,হোমিওপ্যাথি চিকিৎসা নিলে ভালো হয়,0,2026-04-02T05:27:22Z
Rtv News,tcnNlBh6yn4,@SaifulIslam-zd6fg,"হামের টিকা দেয়া নিয়ে যারা সাধারণ মহিলাদের নিরুৎসাহিত করেছে তদন্ত করে অবিলম্বে দোষীদের দৃষ্টান্তমূলক শাস্তির আওতায় আনা হোক। না হলে জনগনের মাঝে ছেড়ে দেয়া হোক। <a href=""https://www.youtube.com/watch?v=DyTERsFRXXw&amp;t=1"">https://www.youtube.com/watch?v=DyTERsFRXXw&amp;t=1s</a>",0,2026-04-02T09:35:03Z
Channel 24,kdzQ7QMzhsE,@FahimArfinShohag,আল্লাহ এই নিষ্পাপ শিশুদের সুস্থতা দিক 🤲 🥺,34,2026-03-31T02:16:42Z
Channel 24,kdzQ7QMzhsE,@moushumicookingandvlog9671,হামের টিকা দেওয়ার পরও কি হাম হচ্ছে। আল্লাহ আমাদের এই রোগ থেকে হেফাজত করুক আমিন।,8,2026-03-31T07:32:34Z
Channel 24,kdzQ7QMzhsE,@hridoythesuperstar1038,যাদের কারণে এই অবস্থা তাদেরকে বিচারের আওতায় আনতে হবে,8,2026-03-31T04:00:17Z
Channel 24,kdzQ7QMzhsE,@mohammadshahedulislam2666,আহা ২৪ এর লাল স্বাধীনতার সুফল আমরা উপভোগ করতেছি।,2,2026-03-31T04:44:29Z
Channel 24,kdzQ7QMzhsE,@Ujjilmia-p9p,সরকারের তাড়াতাড়ি উদ্যোগ নিতে হবে।,3,2026-03-31T04:37:36Z
Channel 24,kdzQ7QMzhsE,@mohammadmamunurrashid851,"এই অবস্থার জন্য সুদখোর মহাজন ইউনুস  দায়ী, শিশুদের ঠিকমতো টিকা দিলে আজকে এই পরিস্থিতি দেখতে হতো না, সুদখোর মহাজন এসেছে উনার আখের গোছানোর জন্য",2,2026-03-31T07:29:16Z
Channel 24,kdzQ7QMzhsE,@WajihaRaisa-genZ,"4 - 5 বছরের বাচ্চাদের কি করব, ওরা তো স্কুলে যায়,, বাচ্চাদের সাথে খেলা করে",2,2026-03-31T08:54:34Z
Channel 24,kdzQ7QMzhsE,@ShibDeb-xz5gq,ইসলামে সংগ্রামক রোগ বলে কিছু হতেই পারে না।,4,2026-03-31T02:40:14Z
EKHON TV,pitYhNRWZbU,@FreeThinker_EBengal,আর কত?,0,2026-05-11T14:30:41Z
Rtv News,LVO8qSofHbk,@masumrezatoofan,"সরকারের ইপিআই ডাটাবেজ অনুযায়ী দেখা যায়, শেখ হাসিনার আমলে টিকা দেওয়ার হার প্রায় ৯০ শতাংশের কাছাকাছি ছিল। অন্যদিকে, ইউনূস-এনসিপি-জামায়াত এর জোট সরকারের সময় ২০২৫ সালে ‘ইউনূস ম্যাজিক’-এ এই হার কমে ৫৯ দশমিক ৬ শতাংশে নেমে আসে। এর মধ্যে হাম প্রতিরোধী এমআর টিকাও অন্তর্ভুক্ত ছিল। এরই খেসারত হিসেবে আজ হামে আক্রান্ত হয়ে শিশুরা মারা যাচ্ছে। এই হলো তথাকথিত নতুন বন্দোবস্তের ফলাফল, যেখানে শিশুরা আজ মৃত্যুর কোলে ঢলে পড়ছে। পরিষ্কার বোঝা যাচ্ছে, এই নতুন বন্দোবস্ত কোনো গণমুখী উদ্যোগ ছিল না; এটি ছিল সুবিধাভোগীদের নিজেদের পুনর্বাসন এবং ক্ষমতার পুনর্বণ্টনের সুপরিকল্পিত প্রক্রিয়া।<br>নতুন বন্দোবস্তে রাস্তার কিছু টোকাই এমপি, মন্ত্রী হয়েছে এবং অনেক টাকার মালিক হয়েছে। অন্যদিকে, টিকার অভাবে নিস্পাপ শিশুরা হাম রোগে আক্রান্ত হয়ে মারা যাচ্ছে।",0,2026-04-02T14:04:06Z
Channel 24,SvWKcZXOGwg,@RobiulHawlade,দুদক কে অনুরোধ করছি আপনারা চট্টগ্রাম মেডিকেল কলেজ হাসপাতালে আসেন এখানে বড় দুনীতি চলে,9,2026-03-30T03:21:53Z
Channel 24,SvWKcZXOGwg,@oxigenagrobusiness8572,হামের টিকার কার্যকরী কতটুকু বা মানসম্মত নয় মনে হয়। সব জায়গায় দুর্নীতি বাজ দের থাবা,0,2026-03-30T03:30:32Z
Channel 24,SvWKcZXOGwg,@mdsohel-uq7zh,"প্রতিবাদ: সাধারণ মানুষের ভোগান্তি ও শিশুদের হামের ঝুঁকি!<br> দেশের বিভিন্ন অঞ্চলের টিকাদান কেন্দ্রের চরম অব্যবস্থাপনার তীব্র প্রতিবাদ জানাচ্ছি। বর্তমানে দেশে হামে শিশু মৃত্যুর হার বাড়ছে, অথচ মাঠ পর্যায়ের স্বাস্থ্যকর্মীদের গাফিলতি চরমে!<br>🛑 আমাদের অভিযোগসমূহ:<br>📍 সময়ের চরম অবহেলা: কর্মীরা সকাল থেকে গল্পগুজব করে বেলা ১১টা/১২টার আগে টিকা দেওয়া শুরু করেন না। মায়েরা কোলে বাচ্চা নিয়ে ঘণ্টার পর ঘণ্টা লাইনে দাঁড়িয়ে থাকেন।<br>📍 অমানবিক আচরণ: টিকা নিতে আসা মায়েদের সাথে অত্যন্ত রুক্ষ ও খারাপ ভাষায় কথা বলা হয়। কোনো প্রশ্ন করলে কেন্দ্র থেকে বের করে দেওয়ার হুমকি দেওয়া হয়।<br>📍 কাগজপত্র নিয়ে জালিয়াতি: সরকারি কার্ড দিতে চায় না, উল্টো ছেঁড়া কাগজের টুকরোয় টিকার নাম লিখে দেওয়া হয়। এটি চরম দায়িত্বহীনতা!<br>📍 এলাকা নিয়ে হয়রানি: এক এলাকার মানুষকে অন্য এলাকায় পাঠিয়ে দিয়ে বারবার হয়রানি করা হয়।<br>📍 মিথ্যা অজুহাত: বাচ্চা সামান্য অসুস্থ থাকলে বা নিজেদের ইচ্ছেমতো &#39;ধর্মঘট&#39; ডেকে টিকা দেওয়া বন্ধ রাখা হয়। ফোনেও তাদের পাওয়া যায় না।<br>⚠️ কেন এই বৈষম্য?<br>ধনী বা সচেতন এলাকার মানুষ সব সুবিধা পেলেও, উত্তরবঙ্গ বা ঢাকার বাইরের সাধারণ খেটে খাওয়া মানুষ আজ নিজ দেশে &#39;ভাড়াটিয়ার&#39; মতো অবহেলিত। এই অব্যবস্থাপনার কারণেই আজ শিশুদের হামের মতো মরণব্যাধি ছড়াচ্ছে এবং শিশু মৃত্যু বাড়ছে!<br>🚩 কর্তৃপক্ষের কাছে দাবি:<br>১. টিকাদান কেন্দ্রে কর্মীদের কাজের সময় ও সিসিটিভি মনিটরিং নিশ্চিত করুন।<br>২. সাধারণ মানুষের সাথে অমানবিক আচরণকারীদের বিরুদ্ধে কঠোর ব্যবস্থা নিন।<br>৩. প্রতিটি শিশুকে সরকারি কার্ড প্রদান বাধ্যতামূলক করুন।",0,2026-03-30T08:18:33Z
Channel 24,SvWKcZXOGwg,@abdulKarim-nf8gy,সব জায়গায় ভেজাল,0,2026-03-30T03:07:51Z
Channel 24,SvWKcZXOGwg,@MasturaIslam-e7d4t,রাজশাহী মেডিকেল ভোগান্তির আরেক নাম,0,2026-03-30T04:41:38Z
Channel 24,SvWKcZXOGwg,@rowshonalom001,বর্তমান সরকার শয়তান লীগ সরকারের চেয়েও অনেক বেশি ব্যার্থ।  হাম সহ দশ রোগের টিকা নাই।,0,2026-03-30T04:13:58Z
Channel 24,9eQcbbN_GLo,@AzinurIslam-p5b,"দূতো সকল শিশুকে টিকার আওতায় আনতে হবে ইনশাআল্লাহ মিস ইশিতা বেগম ধন্যবাদ,,,,",1,2026-04-06T02:23:01Z
SD Health21,V-wDl_wB8iA,@sushantadas2364,দারুণ ❤❤,0,2026-04-04T18:22:39Z
Channel 24,rb1D1aVz6e0,@bluesky441,"শেখ হাসিনার আমলে মুহাম্মদ  ইউনূসকে যখন গ্রামীণ ব্যাংকের এমডি থেকে অপসারণ ও কর ফাকির মামলা দেওয়া হয় তখন ফেসবুক প্রোপাগাণ্ডার শিকার হয়ে ভাবতাম নোবেলজয়ী আন্তর্জাতিক মাপের একজন ব্যক্তিকে ঈর্ষা করে হাসিনা এমন হয়রানি করছে। ইউনূস আদালতে গেলে সেই খবরের ভিডিওতে আমি তার পক্ষে মন্তব্য করেছিলাম৷ এখন সবই সাফ। গরীবের এতগুলো টাকা লুটে খাওয়ায় ক্ষিপ্ত, ক্ষুব্দ হয়েই শেখ হাসিনা তাকে অপসারণ করেছিলেন৷ ব্যাটার খাইখাই কেমন দেড় বছরে সেটা যেমন প্রমাণিত তেমনি সাধারণ মানুষের চোখে আজ সম্মানিত জায়গা থেকে সে একটা নরপিশাচ। গরীবের আরও টাকা লুট করতে না পেরেই দাম্ভিক ইউনূস হিলারি ক্লিন্টনকে দিয়ে পদ্মাসেতুর জন্য বিশ্বব্যাংকের ফান্ডিং বন্ধ করায়। যার ভেতর বিন্দুমাত্র দেশপ্রেম থাকে সে দেশের ক্ষতি করবেনা। দেশপ্রেমহীন নরপশু ইউনূস ও তার সাঙ্গপাঙ্গদের গদিতে বসানোর ফল এই জাতিকে দীর্ঘদিন দিতে হবে। হাসপাতালের বেডে মায়ের কোলে এতগুলো শিশুর লাশ তার একটা উদাহরণ মাত্র! বিএনপি ও জামাতের কাছে অনুরোধ, আমাদের সমস্যা দ্রব্যমূল্য, আইনশৃঙ্খলা, জ্বালানি সংকট, বিদ্যুৎ, টিকা, চিকিৎসা, বেকারত্ব হ্রাস, অর্থনীতির চাকা ফের সচল করা, বনাঞ্চল সৃষ্টি ও রক্ষণাবেক্ষণ ইত্যাদিতে একে অপরকে সহায়তা করুন৷ ফ্যাসিস্ট মুক্ত নতুন বাংলাদেশের যে স্বপ্ন দেখিয়ে এতগুলো প্রাণ গেল, এতগুলো লোক পঙ্গু হলো সেই স্বপ্নই যদি পূর্ণ না হয় সাধারণ মানুষ কি জুলাই সনদ ধুয়ে জল খাবে? জনতার মন আওয়ামী লীগের প্রতি ফের ঘুরে যাবে। সেটা যে আপনাদের জন্য অমঙ্গলকর এটুকু বোধ আশা করি আপনাদের আছে।",4,2026-04-13T14:56:54Z
Channel 24,rb1D1aVz6e0,@jahirulislam20010,জামাতিরা ফেসবুকে প্রোপাগাণ্ডা চালিয়েছে দেশে ইসলাম নেই। হেফাজতের সমাবেশে নাকি পাচ লাখ আলেম শহীদ হয়েছে এসব আজগুবি গল্প। অনেকে বিশ্বাস করেছে যেমন আমি৷ আজ একটা কথা অবশ্যই বলব৷ শেখ হাসিনা যাওয়ার পরে বাংলাদেশের উপর থেকে আল্লাহর রহমত উঠে গেছে৷,2,2026-04-13T15:15:45Z
Channel 24,rb1D1aVz6e0,@bangladeshfeni,হামের জন্য হোমিওপ্যাথিক চিকিৎসা সেরা,0,2026-04-13T17:47:53Z
Channel 24,rb1D1aVz6e0,@RAHMAN-df3zb,"যেদিন আমার দেশে রাষ্ট্রপতি প্রধানমন্ত্রী ও বিরোধী দলের নেতারা,,ভিআইপি নামে এমপি মন্ত্রী মূর্খ্য নেতারা মুখস্থ বিদ্যা বড় চেয়ার আদায় করা কর্মককতা কমচারীরা সহ সবাই যদি বিদেশে বা দেশে গলা কাটা ভিআইপি হাসপাতালে না গিয়ে,,দেশের সরকারি হাসপাতাল গুলোতে চিকিৎসা করাতো ও দেশ প্রেমিক সততা ভালো মনমানসিকতা হতো ও সকল সিস্টেম সংস্কার ও কঠোর আইন ছোট বড় অপরাধের জবাবদিহিতা বিচার তদন্ত থাকতো এবং জনগণের কষ্ট টাকায়ে চিকিৎসা ব্যবস্থার জন্য ভবিষ্যৎ প্রজন্ম কথা ভেবে সঠিকভাবে বিশ্লেষণ করে কাজ করতো তাহলে সরকারি হাসপাতালে চিকিৎসা করাতো তাহলে দেশের সরকারি হাসপাতাল গুলো আধুনিক হাসপাতাল হয়ে যেতো কেউ চিকিৎসা জন্য বিদেশে যেতো না,,<br>কিন্তু আফসোস আমরা শিক্ষিত রুপে অশিক্ষিত শুদ্ধ ভাবে কথা বলা মিথ্যা আশ্বাস অনিয়ম-দুর্নীতি চুরি লুটপাট পরিবারতন্ত্র আমলাতন্ত্র দখল চাঁদাবাজি তেলবাজ করা জাতি।<br>ভাই আমার পানি লাগবে না পানি আমার পরিবারতন্ত্র দলীয়করণ মুক্ত গনতন্ত্র স্বাধীন দেশ লাগবে,<br>যে পর্যন্ত সকল সরকারি স্বায়িত্বশাসিত হাসপাতালে প্রশাসন রাজুক দুদক,এনবি আর, খেলাধুলাসহ সকল অফিসে যেকোন দলের দলীয়করণ মুক্ত না হবে বাংলাদেশ স্বাধীন হবে না।,আমরা কেউ দেশ প্রেমিক না কেননা দেশ প্রেমিক শিক্ষা নেই,কঠোর আইন জবাবদিহিতা সংবিধান প্রশাসন সিস্টেম সকল কিছু সংস্কার গঠনমুলক শাসন ব্যবস্থা আধুনিক রাষ্ট্র হয় নাই বলে দেশটা তছনছ ধ্বংস করে দিয়েছে বিষ্টিটরা,,<br>কেউ যেন চিকিৎসা করাতে বিদেশে না যায়,,<br>দেশের সকল হাসপাতালে অফিস সিন্ডিকেট  সরকারি হাসপাতালে ঔষধ খাদ্য কাপড় গুলো চুরি অনিয়ম-দুর্নীতি অপচয় লুটপাট করে তা বন্ধ করতে হবে,,<br>১০০/১৫০ বছরের পরিকল্পনা করে সকল সরকারি স্বায়িত্বশাসিত হাসপাতালে ভবন ছাত্রদের হল অপারেশন রুম রোগী কেবিন সিট যেন টেকসই আধুনিক হয়,,<br>মেডিকেল কলেজ বিশ্ববিদ্যালয় ছাএ ছাএীদের ভালো মনমানসিকতা দেশ প্রেমিক শিক্ষা দিতে হবে,, শিক্ষা ও সকল হাসপাতাল চিকিৎসা নামে যেন ব্যবসা  রাজনীতি মাদক রেগিং সিন্ডিকেট  অনিয়ম-দুর্নীতি দেশের সম্পদ লুটপাট না হয়,,ভালো দেশ প্রেমিক শিক্ষা শিক্ষক নেই বলে দেশটা এগিয়ে যেতে হচ্ছে,,<br>এইদেশে শিক্ষা গবেষণা হয় কে কত নাম্বার পেয়েছে পাস করেছে কিন্তু উন্নত আধুনিক সেবার জন্য গবেষণা চর্চা করে না,,<br>দেশের বেশির ভাগ ডাক্তার নার্স কর্মকতা কমচারীরা ডাক্তাররা পারে কিভাবে মুখস্থ বিদ্যা করতে পেরেশান ও বড় পদ চেয়ার আদায় করা আর গবেষণা করবে কিভাবে জনগণের কষ্টের টাকা সিন্ডিকেট করে চুরি অপচয় লুটপাট করে দেশ বিদেশে সম্পদের পাহাড় গড়ে তুলা ছেলেমেয়ে বিলাসিতা করা,,সেই মনমানসিকতা চিন্তা পরিকল্পনা করে থাকে,<br>বাংলাদেশের বেশির ভাগ মানুষ কেন বিদেশ বা ভারতে চিকিৎসা করতে যায় খরচ কেন কম লাগে?দেশে কি ভালো চিকিৎসা বা ডাক্তার নেই এত খরচ কেন এত ঔষধ লিখে দেয় কেন? সরকারি হাসপাতাল ডাক্তার কেন ২/৩ মিনিট রোগী দেখে আর ইচ্ছে মত ঔষধ লিখে দেয় কেন? দেশের ডাক্তার রা কেন রোগীদের সাথে খারাপ ব্যবহার অবহেলা করে ও ছয়নয় সেবা দেয় কেন?<br>দেশের ঔষধের দাম কেন এত বাড়ে আর সরকারি হাসপাতাল ঔষধ কাপড় খাদ্য কিভাবে লুটপাট অপচয় হয়ে যায় কেন?দেশের মানুষ কেন অন্য দেশের চিকিৎসা ভালো সুনাম করে বাংলাদেশের চিকিৎসা খারাপ বলে কেন? অন্য দেশের ডাক্তাররা যদি পারে তাহলে কেন আমার দেশের ডাক্তার রা ভালো মানের চিকিৎসা করতে পারে না কেন?<br>দেশের ডাক্তার যদি ভালো উন্নত সেবা দিতে পারতো তাহলে দেশের মানুষ অন্য দেশে বিদেশে গিয়ে চিকিৎসা করাতো না দেশের টাকা দেশেই থাকতো,,<br>স্যার বাংলাদেশ দেশ প্রেমিক সততা ভাবে কাজ করা অভিজ্ঞতা বুদ্ধিমান গবেষণা করে দেশের মানুষের উন্নত চিকিৎসার সেবা দেওয়ার মানুষ নেই,সবাই নিজের স্বার্থ সেবা স্বজনপ্রীতি নিয়ে পেরেশানি থাকে দেশ দেশের মানুষের কি হলো তা দেখার সময় নেই,ছয়নয় লোকদেখানো সেবা দেয়,,<br>বেশির ভাগ সরকারি কর্মকতা কমচারী প্রশাসন ডাক্তাররা কত মিলিয়ন মিলিয়ন টাকা মালিক কেউ দেখার নেই যারা দেখবে তারা সবাই সিন্ডিকেট অনিয়ম-দুর্নীতি সাথে জড়িত তাদের পেট চেহারা কত সুন্দর হয় জনগণের কষ্ট টাকা দিয়ে এসি রুমে বসে,<br>সেবা করে না বাজেট সময় বাড়ানো আর জনগণের সেবার বদলে হয়রানি ভোগান্তি করায়,তাদের ধরা ও প্রমাণ পাওয়া যায় না সবাই সিন্ডিকেট চলে,,<br>সকল সরকারি অফিস কর্মকতা ডাক্তাররা বিদেশে যায় শিখতে কিন্তু তারা দেশে এসে সেটা কাজে লাগায় না তারা জনগণের কষ্ট টাকা ঘুরাঘুরি শপিং ছবি তুলে দেশ এসে ভালো মত উন্নত সেবা উন্নয়ন করতে পারে না তা বন্ধ করতে হবে,<br>সকল কাঠামো অবকাঠামো চিকিৎসা সেনাবাহিনীর ইঞ্জিনিয়ার দিয়ে করাতে হবে বা দায়িত্ব দিতে হবে,",0,2026-04-13T20:23:09Z
SOMOY TV,vSt3Tn4fAr4,@kyasaimogh,আতঙ্ক না তেল জিনিস পরিহার করুন,0,2026-03-30T18:28:30Z
Jamuna TV,MBm8B324Ws4,@Mst.SubornaJannatSuborna,"আমি কুমুদিনীতে ভর্তি আছি আমার বাচ্চা কে নিয়ে,পাচদিনে দুই শিশুর মৃত্যু, আরো তিনজন আশংকাজনক",0,2026-04-09T08:09:54Z
Jamuna TV,MBm8B324Ws4,@Mst.SubornaJannatSuborna,"আজ সকালেও একটা বাচ্চা মারা গেছে, তিনদিন আগে এক বাবু মারা গেছে",0,2026-04-09T08:10:36Z
